"Stotelės Nr.","Pavadinimas","Lng","Lat"
"0101","Žaliasis tiltas","25.28048","54.69236"
"0101a","Žaliasis tiltas","25.28072","54.69272"
"0102","Žaliasis tiltas","25.28003","54.69234"
"0103","Europos aikštė","25.27698","54.69544"
"0104","Europos aikštė","25.27743","54.69564"
"0105","Lietuvos sąjūdžio kelias","25.2663","54.69825"
"0106","Lietuvos sąjūdžio kelias","25.2665","54.69853"
"0107","Saltoniškės","25.26438","54.70239"
"0108","Studentų st.","25.2643","54.69724"
"0109","Lvovo st.","25.28276","54.69448"
"0110","Lvovo st.","25.28387","54.69457"
"0111","„Žalgirio“ stadionas","25.28954","54.69477"
"0112","Šeimyniškių st.","25.29687","54.69556"
"0113","Nacionalinė dailės galerija","25.27311","54.69671"
"0114","Nacionalinė dailės galerija","25.27115","54.69768"
"0115","Šnipiškės","25.26892","54.69983"
"0120","Baltasis tiltas","25.27478","54.69387"
"0201","Karaliaus Mindaugo tiltas","25.28741","54.68858"
"0202","Karaliaus Mindaugo tiltas","25.28663","54.68867"
"0203","Arkikatedra","25.28644","54.68665"
"0207","Jogailos st.","25.27821","54.68526"
"0210","Vinco Kudirkos aikštė","25.2798","54.68753"
"0210a","Vinco Kudirkos aikštė","25.27985","54.68775"
"0211","Vinco Kudirkos aikštė","25.27982","54.68871"
"0212","Islandijos st.","25.27641","54.685"
"0213","Islandijos st.","25.2764","54.68485"
"0214","Juozo Tumo-Vaižganto st.","25.26799","54.68835"
"0215","Pamėnkalnio st.","25.26934","54.68736"
"0216","Pamėnkalnio st.","25.26659","54.68784"
"0217","Jokūbo Jasinskio st.","25.26352","54.68828"
"0218","Jokūbo Jasinskio st.","25.26329","54.68812"
"0219","Gedimino prospektas","25.26261","54.68909"
"0220","Gedimino prospektas","25.26208","54.68894"
"0221","Alberto Goštauto st.","25.26747","54.69456"
"0222","Kražių st.","25.27019","54.69324"
"0223","Vašingtono aikštė","25.26987","54.6916"
"0224","Kražių st.","25.27091","54.69179"
"0225","Kražių st.","25.27116","54.69172"
"0226","Juozo Tumo-Vaižganto st.","25.26922","54.68958"
"0227","Gynėjų st.","25.26557","54.69349"
"0228","Čiuožykla","25.27005","54.68881"
"0230","Lukiškių aikštė","25.27097","54.68856"
"0230a","Lukiškės","25.27045","54.69056"
"0230b","A.Jakšto st.","25.27536","54.68837"
"0231","Lukiškės","25.27072","54.6909"
"0232","Operos ir baleto teatras","25.27574","54.69123"
"0233","Operos ir baleto teatras","25.27732","54.69081"
"0235","Centro poliklinika","25.27701","54.68371"
"0236","Lukiškės","25.27231","54.69037"
"0237","Antano Tumėno st.","25.26124","54.69225"
"0238","Nepriklausomybės aikštė","25.26522","54.68951"
"0239","Nepriklausomybės aikštė","25.26423","54.68977"
"0240","Mažasis teatras","25.27632","54.68775"
"0241","Mažasis teatras","25.27699","54.68753"
"0242","Kalėdų miestelis","25.28583","54.68567"
"0243","Kalėdų miestelis","25.2848","54.68625"
"0244","Vokiečių st.","25.28317","54.68047"
"0245","Vokiečių st.","25.28274","54.68057"
"0246","Rotušė","25.28604","54.67848"
"0247","Rotušė","25.28634","54.67823"
"0248","Reformatų st.","25.27735","54.68203"
"0249","Tilto st.","25.28149","54.68936"
"0250","Ledainė","25.28932","54.6832"
"0251","Ledainė","25.28921","54.68324"
"0260A","Bernardinų sodas","25.28954","54.68456"
"0260c","Bernardinų sodas","25.28949","54.68461"
"0301","Liubarto tiltas","25.25691","54.68893"
"0302","Liubarto tiltas","25.25574","54.68908"
"0303","Kęstučio st.","25.2519","54.68948"
"0304","Kęstučio st.","25.25158","54.69121"
"0305","Vytauto st.","25.25643","54.69117"
"0306","Vytauto st.","25.25622","54.69173"
"0307","Latvių st.","25.25072","54.69385"
"0308","Latvių st.","25.25075","54.69433"
"0309","Džocharo Dudajevo skv.","25.25609","54.69583"
"0310","Džocharo Dudajevo skv.","25.25585","54.69585"
"0311","Sėlių st.","25.24977","54.69744"
"0312","Sėlių st.","25.24868","54.6984"
"0313","Žvėrynas","25.24565","54.69872"
"0314","Žvėrynas","25.24499","54.69938"
"0315","Žvėrynas","25.2432","54.69948"
"0316","Panorama","25.25607","54.69892"
"0317","Panorama","25.25704","54.69915"
"0318","Lietuvos edukologijos universitetas","25.26121","54.6983"
"0319","Lietuvos edukologijos universitetas","25.26133","54.6987"
"0320","Studentų st.","25.26327","54.69729"
"0321","Saltoniškės","25.26289","54.70123"
"0401","Šv. Petro ir Povilo bažnyčia","25.30313","54.69301"
"0401a","Šv. Petro ir Povilo bažnyčia","25.30353","54.69382"
"0402","Šv. Petro ir Povilo bažnyčia","25.30315","54.69275"
"0402a","ŠV. Petro ir Povilo bažnyčia","25.3035","54.69397"
"0403","Kalnų parkas","25.2945","54.68938"
"0404","Kalnų parkas","25.29581","54.68965"
"0405","Arkikatedra","25.28675","54.68667"
"0406","Reformatų st.","25.2774","54.68149"
"0407","Reformatų st.","25.27731","54.68117"
"0408","Trakų st.","25.27628","54.68004"
"0409","Trakų st.","25.27802","54.67934"
"0410","Trakų st.","25.27855","54.67902"
"0411","Vingriai","25.28086","54.67665"
"0412","Gėlių st.","25.28366","54.67424"
"0413","Rūdninkų st.","25.28492","54.67454"
"0414","Aguonų st.","25.27736","54.67284"
"0415","Aguonų st.","25.27852","54.67263"
"0416","Aušros vartai","25.28949","54.67368"
"0417","Aušros vartai","25.29278","54.67473"
"0418","Gervėčių st.","25.29728","54.6746"
"0419","Gervėčių st.","25.29882","54.67336"
"0420","Misionierių st.","25.29735","54.6766"
"0421","Misionierių st.","25.29652","54.67662"
"0422","Subačiaus st.","25.30362","54.67701"
"0423","Subačiaus st.","25.30249","54.67723"
"0424","„Audėjas“","25.31053","54.67839"
"0425","Paupys","25.29888","54.67902"
"0426","Užupio st.","25.29266","54.67991"
"0427","Užupio st.","25.29236","54.67994"
"0428","Vilnios st.","25.29365","54.68024"
"0429","Dailės akademija","25.29297","54.68212"
"0430","Dailės akademija","25.29287","54.68401"
"0431","Bernardinų sodas","25.29025","54.68472"
"0432","Bernardinų sodas","25.2911","54.68497"
"0433","Užupis","25.30076","54.68121"
"0434","Bernardinų kapinės","25.30538","54.68145"
"0435","Bernardinų st.","25.31198","54.682"
"0436","Polocko st.","25.31266","54.6827"
"0437","Filaretų st.","25.30917","54.68473"
"0438","Krivių st.","25.30562","54.6873"
"0439","Vasaros st.","25.30471","54.6913"
"0441","Karaliaus Mindaugo tiltas","25.289","54.68822"
"0443","Gervėčių st.","25.29923","54.6739"
"0444","Gervėčių st.","25.29757","54.67365"
"0445","Ramybės st.","25.29905","54.67203"
"0446","Bazilijonų st.","25.28595","54.67442"
"0447","Valstybinis Jaunimo teatras","25.28754","54.67671"
"0448","Polocko st.","25.31316","54.68183"
"0501","Algirdo st.","25.2682","54.68197"
"0502","Algirdo st.","25.2664","54.68145"
"0503","Mikalojaus Konstantino Čiurlionio st.","25.26526","54.68203"
"0504","Mikalojaus Konstantino Čiurlionio st.","25.26548","54.68082"
"0505","Mikalojaus Konstantino Čiurlionio st.","25.26471","54.6816"
"0506","Simono Konarskio st.","25.25932","54.67947"
"0507","Simono Konarskio st.","25.25964","54.67986"
"0508","Vingis","25.25555","54.67754"
"0509","Vingis","25.25438","54.67719"
"0510","Taraso Ševčenkos st.","25.26718","54.67869"
"0511","Taraso Ševčenkos st.","25.26749","54.67694"
"0512","Švitrigailos st.","25.26792","54.67424"
"0513","Vytenio st.","25.26607","54.67342"
"0514","Vytenio st.","25.26233","54.67185"
"0515","Statybininkų st.","25.25565","54.67274"
"0516","Naugarduko st.","25.25985","54.67042"
"0517","Naujamiestis","25.26121","54.67043"
"0518","Naujamiestis","25.2626","54.67049"
"0519","„Sparta“","25.26847","54.6718"
"0520","„Sparta“","25.26932","54.67262"
"0520a","„Sparta“","25.26938","54.67241"
"0521","„Sparta“","25.27022","54.67191"
"0522","„Sparta“","25.26946","54.6713"
"0522a","„Sparta“","25.26955","54.67111"
"0523","„Lelija“","25.26369","54.66815"
"0524","„Lelija“","25.26598","54.6685"
"0525","Smolensko st.","25.26005","54.66742"
"0526","Smolensko st.","25.25911","54.66714"
"0527","Burbiškės","25.2531","54.66671"
"0527a","Burbiškės","25.25562","54.66644"
"0528","Pelesos st.","25.28921","54.67085"
"0529","Panevėžio st.","25.28368","54.66793"
"0530","Stotis","25.28467","54.67112"
"0530a","Stotis","25.2849","54.67071"
"0530b","Stotis","25.28443","54.6711"
"0530c","Stotis","25.2842","54.67108"
"0530d","Stotis","25.28399","54.67106"
"0530e","Stotis","25.28327","54.67147"
"0530f","Stotis","25.28328","54.67115"
"0530h","Stotis","25.28336","54.67085"
"0530i","Stotis","25.28326","54.67077"
"0530j","Stotis","25.28313","54.67066"
"0530k","Stotis","25.28296","54.67053"
"0530L","Stotis","25.28349","54.67025"
"0530p","Stotis","25.28513","54.67115"
"0530z","Stotis","25.28532","54.6711"
"0531","„Lelija“","25.26711","54.66967"
"0532","Stotis","25.28489","54.6707"
"0535","Migracijos valdyba","25.25833","54.66983"
"0536","Migracijos valdyba","25.2557","54.66815"
"0546","Stotis","25.283","54.6714"
"0547","Stotis(Išlaipinimas)","25.28602","54.67177"
"0548","Stotis (Atstova Šv.Stepono g.)","25.27636","54.66824"
"0601","Žemaitės st.","25.25194","54.67489"
"0602","Savanorių prospektas","25.2484","54.67392"
"0602a","Savanorių prospektas","25.2486","54.67403"
"0603","Savanorių prospektas","25.247","54.6734"
"0603a","Savanorių prospektas","25.24729","54.67355"
"0604","Gerosios Vilties st.","25.244","54.67165"
"0605","Gerosios Vilties st.","25.24237","54.67102"
"0606","Gerosios Vilties st.","25.24196","54.6708"
"0607","Gerosios Vilties st.","25.24159","54.6704"
"0608","Eigulių st.","25.23571","54.66935"
"0609","Vingio parkas","25.23943","54.6728"
"0610","Vingio parkas","25.24199","54.67405"
"0611","Vinco Pietario st.","25.24579","54.67688"
"0612","Statybininkų st.","25.25735","54.67135"
"0613","st.Estrados alėja","25.24898","54.68218"
"0614","st.Estrados alėja","25.24869","54.68222"
"0701","Linkmenų st.","25.26979","54.70487"
"0702","Linkmenų st.","25.27236","54.70453"
"0703","Kalvarijų turgus","25.28249","54.69931"
"0704","Kalvarijų turgus","25.28301","54.70019"
"0705","Žalgirio st.","25.28353","54.70308"
"0706","Žalgirio st.","25.28302","54.7039"
"0707","Giedraičių st.","25.28494","54.70734"
"0707a","Giedraičių st.","25.28508","54.70763"
"0708","Tauragnų st.","25.28625","54.71169"
"0709","Pramogų arena","25.28664","54.71448"
"0710","Licėjus","25.278","54.71294"
"0711","Žalgirio st.","25.28221","54.70378"
"0801","Jono Kazlausko st.","25.28381","54.72241"
"0802","Pramogų arena","25.28694","54.71626"
"0803","Tauragnų st.","25.28672","54.71234"
"0804","Pramogų arena","25.28821","54.71504"
"0805","Pramogų arena","25.28943","54.71556"
"0806","Verkių st.","25.29562","54.71732"
"0807","Verkių st.","25.2936","54.71687"
"0808","Kareivių st.","25.30161","54.71989"
"0809","Kareivių st.","25.30163","54.71967"
"0810","Kareivių st.","25.30393","54.71859"
"0811","Kareivių st.","25.30356","54.71934"
"0812","Kareivių st.","25.30316","54.72062"
"0813","Autobusų parkas","25.29669","54.72216"
"0814","Žirmūnų seniūnija","25.30071","54.7219"
"0815","Žirmūnų seniūnija","25.29994","54.72236"
"0816","Šaltinėlio st.","25.29826","54.72541"
"0817","Šaltinėlio st.","25.29674","54.72657"
"0817a","Žirmūnų žiedas","25.29502","54.72685"
"0818","Žirmūnų  žiedas","25.2971","54.72666"
"0819","Valakampių tiltas","25.30725","54.72356"
"0820","Valakampių tiltas","25.30849","54.72409"
"0821","Žirmūnai","25.30545","54.71666"
"0822","Žirmūnai","25.30509","54.71595"
"0823","Verkių st.","25.29553","54.71843"
"0825","Ozo žiedas","25.2777","54.71465"
"0826","Išlaipinama","25.27796","54.71555"
"0827","Ozo žiedas","25.2773","54.71539"
"0830","Trinapolis","25.29066","54.73161"
"0901","Šiaurės miestelis","25.30509","54.71182"
"0902","Šiaurės miestelis","25.30465","54.71083"
"0903","Minties st.","25.30454","54.70418"
"0904","Minties st.","25.30416","54.70362"
"0905","Tuskulėnų rimties parkas","25.3013","54.69823"
"0906","Tuskulėnų rimties parkas","25.30032","54.69757"
"0907","„Žalgirio“ stadionas","25.28955","54.69497"
"0908","Šeimyniškių st.","25.29616","54.69566"
"0909","Tuskulėnai","25.29706","54.69702"
"0910","Tuskulėnai","25.2967","54.6977"
"0911","Mikalojaus Katkaus st.","25.2929","54.70009"
"0912","Mikalojaus Katkaus st.","25.29246","54.70078"
"0913","Trimitų st.","25.28893","54.70295"
"0914","Broniaus Laurinavičiaus skveras","25.28405","54.70419"
"0915","Žalgirio st.","25.28434","54.70436"
"0916","Giedraičių st.","25.2855","54.70804"
"0917","Apkasų st.","25.29142","54.70394"
"0918","Apkasų st.","25.2927","54.70393"
"0919","Minties st.","25.29864","54.70507"
"0920","Minties st.","25.29968","54.70506"
"0921","Povilo Lukšio st.","25.30239","54.71072"
"0922","Šiaurės miestelis","25.30392","54.71139"
"0923","Povilo Lukšio st.","25.30113","54.71075"
"0924","Šiaurės miestelis","25.29786","54.71152"
"0925","Šiaurės miestelis","25.29938","54.71119"
"0926","Jono Galvydžio st.","25.29233","54.71183"
"0927","Ulonų st.","25.29121","54.70889"
"0928","Ulonų st.","25.291","54.70921"
"1001","Saulėtekis","25.32752","54.72624"
"1002","Gedimino technikos universitetas","25.33451","54.72412"
"1003","Gedimino technikos universitetas","25.33566","54.72385"
"1004","Senoji plytinė","25.33967","54.72403"
"1004a","Senoji plytinė","25.34055","54.72461"
"1005","Senoji plytinė","25.34075","54.72416"
"1006","Plytinės st.","25.34671","54.72762"
"1007","Plytinės st.","25.34778","54.72791"
"1008","Aukštagiris","25.35661","54.73057"
"1009","Dvarčionių kryžkelė","25.37073","54.73347"
"1011","Dvarčionys","25.37052","54.72972"
"1012","Keramikų st.","25.37465","54.72949"
"1013","Keramikų st.","25.37489","54.72956"
"1014","Baniškės","25.38833","54.73453"
"1015","Kairėnai","25.40082","54.73625"
"1016","Paliuliškės","25.41033","54.73365"
"1017","Paliuliškės","25.41064","54.73315"
"1018","Lubinų st.","25.41217","54.72959"
"1019","Rokantiškės","25.36406","54.70411"
"1020","Vakario st.","25.4124","54.71359"
"1021","Saulėtekis","25.32671","54.72719"
"1022","Vilniaus universitetas","25.33134","54.72489"
"1023","Vilniaus universitetas","25.33199","54.72454"
"1024","Lubinų st.","25.41189","54.72898"
"1025","Purienų st.","25.41212","54.72529"
"1026","Dvarčionys","25.37033","54.72986"
"1027","Keramikų st.","25.37476","54.72937"
"1028","Senoji plytinė(išlaipinimas)","25.34072","54.72493"
"1030","Klonio st.","25.37112","54.70586"
"1031","Klonio st.","25.371","54.70582"
"1032","Juodvarnių st.","25.37632","54.72255"
"1033","Juodvarnių st.","25.37637","54.72228"
"1034","Stanislovo Kerbedžio st.","25.37415","54.72065"
"1036","Stanislovo Kerbedžio st.","25.37309","54.72063"
"1038","Stepono Kairio st.","25.37036","54.72085"
"1039","Stepono Kairio st.","25.36923","54.72081"
"1040","Moliakalnio st.","25.35519","54.71583"
"1042","Moliakalnio st.","25.35526","54.71578"
"1043","Pylimėliai","25.35994","54.71888"
"1045","Pylimėliai","25.35947","54.71845"
"1046","Duburio st.","25.39168","54.70728"
"1101","Krivių st.","25.30531","54.68802"
"1102","Vasaros st.","25.30503","54.69122"
"1103","Leono Sapiegos st.","25.30809","54.6963"
"1104","Leono Sapiegos st.","25.30873","54.69697"
"1105","Petro Vileišio st.","25.30922","54.70165"
"1106","Petro Vileišio st.","25.31002","54.70313"
"1107","Šilo tiltas","25.31024","54.70447"
"1108","Šilo tiltas","25.31096","54.70545"
"1109","Klinikų st.","25.31437","54.71058"
"1110","Klinikų st.","25.31486","54.71125"
"1110a","Klinikų st.","25.31498","54.71124"
"1111","Klinikų st.","25.31669","54.71134"
"1112","Klinikų st.","25.31573","54.71161"
"1113","Tverečiaus st.","25.31646","54.71619"
"1114","Tverečiaus st.","25.31659","54.7175"
"1115","Antakalnis","25.31724","54.7196"
"1116","Antakalnis","25.31821","54.72106"
"1117","Nemenčinės plentas","25.32007","54.72385"
"1118","Antakalnio žiedas","25.31872","54.72291"
"1118a","Antakalnio žiedas","25.31887","54.72232"
"1118b","Antakalnio žiedas","25.31885","54.72265"
"1118c","Antakalnio žiedas","25.31912","54.72274"
"1119","Nemenčinės plentas","25.32004","54.72278"
"1121","Lizdeikos st.","25.31552","54.72728"
"1122","Saulėtekis","25.32482","54.72622"
"1123","Lakštingalų st.","25.32883","54.7288"
"1125","Žolyno st.","25.33847","54.70782"
"1126","Lyglaukiai","25.35406","54.70277"
"1127","Šilo st.","25.3477","54.69905"
"1128","Viršupis","25.34397","54.69579"
"1129","Šilo tiltas","25.31007","54.70519"
"1130","Bistryčios st.","25.32978","54.70834"
"1131","Bistryčios st.","25.32956","54.70839"
"1132","Lizdeikos st.","25.31625","54.7272"
"1133","Antakalnio žiedas","25.31872","54.72291"
"1134","Žolyno st.","25.33774","54.70782"
"1135","pagal pareikalavimą","25.30903","54.69945"
"1201","Zarasų st.","25.3104","54.67624"
"1202","Zarasų st.","25.3094","54.67658"
"1203","Zarasų st.","25.31012","54.67669"
"1204","Paplaujos st.","25.31948","54.67465"
"1205","Paplaujos st.","25.31879","54.6749"
"1206","Markučiai","25.32209","54.67437"
"1207","„Audėjas“","25.31164","54.67878"
"1208","Srovės st.","25.31555","54.68188"
"1209","Polocko st.","25.31286","54.68331"
"1210","Filaretų st.","25.30853","54.68532"
"1211","Belmontas","25.3194","54.68379"
"1212","Rudens st.","25.32358","54.68599"
"1213","Rudens st.","25.32505","54.6864"
"1214","Šaudykla","25.33066","54.68899"
"1215","Šaudykla","25.33243","54.68902"
"1216","Mildos st.","25.34337","54.69162"
"1217","Belmontas","25.32038","54.68403"
"1218","Markučiai","25.32268","54.6743"
"1301","Pelesos st.","25.28961","54.67091"
"1302","Pelesos st.","25.29127","54.67108"
"1303","Pelesos st.","25.29175","54.6714"
"1304","Stadionas","25.29639","54.66848"
"1305","Stadionas","25.2971","54.66756"
"1306","Rasų kapinės","25.30109","54.67046"
"1307","Rasų kapinės","25.30118","54.67002"
"1308","Dunojaus st.","25.30673","54.66661"
"1309","Dunojaus st.","25.30701","54.66644"
"1310","Ribiškės","25.3126","54.66687"
"1311","Ribiškės","25.31329","54.66684"
"1312","Juodasis kelias","25.3246","54.66648"
"1313","Juodasis kelias","25.32542","54.66634"
"1314","Žirnių st.","25.30304","54.65485"
"1315","Liepkalnis","25.30015","54.66298"
"1316","Liepkalnis","25.29995","54.66287"
"1317","Perlojos st.","25.29225","54.66464"
"1318","Balstogės st.","25.30501","54.67221"
"1319","Balstogės st.","25.30457","54.67137"
"1401","Guriai","25.34007","54.66285"
"1402","Guriai","25.34187","54.66331"
"1402a","Guriai","25.35846","54.65979"
"1403","Pavilnio sodai","25.34565","54.66494"
"1404","Pavilnio sodai","25.34655","54.66501"
"1405","Garsioji st.","25.35356","54.66689"
"1406","Garsioji st.","25.35541","54.66692"
"1407","Grūdų st.","25.35941","54.66794"
"1408","Grūdų st.","25.35996","54.66867"
"1409","Pavilnys","25.36119","54.6712"
"1410","Pavilnys","25.36178","54.67171"
"1411","Gamtininkų st.","25.36752","54.67492"
"1412","Gamtininkų st.","25.36844","54.67501"
"1413","Alėja","25.38291","54.67721"
"1414","Alėja","25.38428","54.67718"
"1415","Strelčiukai","25.39691","54.6779"
"1416","Strelčiukai","25.39869","54.67783"
"1417","Kinologijos centras","25.32053","54.64925"
"1418","Minsko plentas","25.33736","54.64501"
"1419","Sodai","25.34566","54.64299"
"1420","Nemėžis","25.35628","54.64047"
"1421","Žemasis Pavilnys","25.35934","54.67924"
"1422","Guriai","25.34243","54.66245"
"1423","Pranciškaus Baltraus Šivickio st.","25.34986","54.66124"
"1424","Pranciškaus Baltraus Šivickio st.","25.34958","54.66132"
"1425","Gurių sodai","25.35971","54.65986"
"1426","Gurių sodai","25.35911","54.65997"
"1427","Šumsko kryptis","25.3644","54.65889"
"1428","Ašmenėlės st.","25.35536","54.66035"
"1429","Ašmenėlės st.","25.35559","54.66028"
"1430","Žiedų st.","25.35552","54.67762"
"1431","Žiedų st.","25.35472","54.67737"
"1432","Žemoji st.","25.35091","54.67615"
"1433","Žemoji st.","25.35063","54.67619"
"1434","Tuputiškės","25.34376","54.67649"
"1435","Tuputiškės","25.34235","54.67655"
"1436","Pavilnio regioninis parkas","25.33748","54.66007"
"1437","Pavilnio regioninis parkas","25.33723","54.65995"
"1501","Naujininkai","25.2732","54.66084"
"1502","Naujininkai","25.27418","54.66275"
"1503","Prūsų st.","25.27281","54.66522"
"1504","Prūsų st.","25.27316","54.66505"
"1505","Dzūkų st.","25.27651","54.66528"
"1506","Dzūkų st.","25.27595","54.66582"
"1507","Rudaminos st.","25.28024","54.66428"
"1508","Rudaminos st.","25.27975","54.66463"
"1509","Panevėžio st.","25.28476","54.66814"
"1510","Merkinės st.","25.28719","54.66417"
"1511","Merkinės st.","25.28622","54.66421"
"1512","Perlojos st.","25.29368","54.66423"
"1513","Žirnių st.","25.30182","54.65458"
"1514","Liepkalnis","25.29885","54.66285"
"1515","Tyzenhauzų st.","25.29218","54.65593"
"1516","Karaimų kapinės","25.29452","54.65581"
"1517","Naujininkai","25.27409","54.66237"
"1518","Naujininkai","25.27419","54.66276"
"1519","Liepkalnis","25.29962","54.66277"
"1520","Vikingų st.","25.28203","54.65123"
"1521","Vikingų st.","25.28255","54.65183"
"1522","Tyzenhauzų st.","25.29055","54.65633"
"1523","Vikingų slėnis","25.28045","54.65304"
"1601","Miškiniai","25.22725","54.67119"
"1602","Miškiniai","25.22641","54.67093"
"1603","Parodų rūmai","25.2225","54.67561"
"1604","Parodų rūmai","25.22186","54.67577"
"1605","Ąžuolo st.","25.21701","54.67934"
"1606","Ąžuolo st.","25.21765","54.67994"
"1607","Ryto st.","25.21371","54.68215"
"1608","Ryto st.","25.21309","54.68268"
"1609","Lazdynai","25.21331","54.67891"
"1610","Lazdynai","25.21329","54.67926"
"1611","Lazdynai","25.21233","54.67778"
"1612","Akacijų st.","25.20273","54.67818"
"1613","Akacijų st.","25.20181","54.67792"
"1614","Žėručio st.","25.20696","54.67642"
"1615","Lazdynų seniūnija","25.20412","54.6752"
"1616","Lazdynų seniūnija","25.20258","54.67473"
"1617","Erfurto st.","25.20114","54.67363"
"1618","Šalnos st.","25.20703","54.67281"
"1619","Architektų st.","25.21451","54.67343"
"1620","Riešutų st.","25.21611","54.67653"
"1621","Oslo st","25.19699","54.67084"
"1622","Oslo st.","25.19759","54.67016"
"1623","Oslo st.","25.19796","54.66953"
"1624","Lazdynų ligoninė","25.20809","54.6705"
"1625","Jonažolių st.","25.2074","54.66997"
"1626","Lazdynų ligoninė","25.20903","54.67031"
"1627","Jonažolių st.","25.20846","54.66985"
"1628","Šiltnamių st.","25.21418","54.67106"
"1629","Šiltnamių st.","25.21492","54.67091"
"1630","Pakalnučių st.","25.21298","54.66911"
"1631","Bijūnų st.","25.21588","54.6674"
"1632","Neužmirštuolių st.","25.20248","54.65818"
"1633","Neužmirštuolių st.","25.20379","54.65845"
"1634","Bukčiai","25.19563","54.65501"
"1635","Paukščių takas","25.20922","54.68085"
"1636","Paukščių takas","25.20884","54.68065"
"1637","Žaros st.","25.19581","54.66672"
"1638","Žaros st.","25.19576","54.66649"
"1639","Lazdynėliai(išlaipinama)","25.19201","54.66229"
"1640","Lazdynai","25.21259","54.67761"
"1641","Žėručio st.","25.2084","54.67661"
"1642","Šalnos st.","25.20607","54.67307"
"1643","Architektų st.","25.21339","54.67313"
"1645","Riešutų st.","25.21556","54.676"
"1646","Paukščių takas","25.20734","54.6798"
"1647","Ratilių st.","25.21435","54.66525"
"1648","Ratilių st.","25.21403","54.66456"
"1649","Užutekio st.","25.20776","54.65918"
"1650","Užutekio st.","25.2074","54.65907"
"1651","Bijūnų st.","25.21606","54.66729"
"1652","Lazdynėliai","25.19238","54.66266"
"1653","Oslo st.","25.19877","54.67007"
"1654","Monikos Mironaitės st.","25.18967","54.68081"
"1655","Gudeliai","25.19278","54.67585"
"1656","Gudeliai","25.19308","54.67558"
"1657","Monikos Mironaitės st.","25.1895","54.68083"
"1658","Šiltnamių žiedas(išlaipinimas)","25.2216","54.66676"
"1659","Šiltnamių žiedas","25.22145","54.66708"
"1660","Bijūnų st.","25.21652","54.66764"
"1661","Loretos Asanavičiūtės st.","25.19942","54.68318"
"1662","Loretos Asanavičiūtės st.","25.19908","54.68332"
"1663","Ungurių st.","25.20851","54.65354"
"1701","Teodoro Narbuto st.","25.22988","54.69992"
"1702","Laisvės prospektas","25.22123","54.69752"
"1703","Laisvės prospektas","25.21992","54.69635"
"1704","Karoliniškių poliklinika","25.21416","54.69283"
"1705","Karoliniškių poliklinika","25.21524","54.69344"
"1706","Karoliniškės","25.21733","54.69279"
"1707","Karoliniškės","25.21631","54.69244"
"1708","Televizijos bokštas","25.21486","54.69092"
"1709","Televizijos bokštas","25.2126","54.68996"
"1710","Ugniagesių st.","25.21068","54.69021"
"1711","Ugniagesių st.","25.20904","54.68951"
"1712","Atminties st.","25.20713","54.68715"
"1713","Atminties st.","25.2065","54.68674"
"1714","Vaivorykštės st.","25.20766","54.68519"
"1715","Vaivorykštės st.","25.20695","54.6843"
"1716","Pasakų parkas","25.20607","54.68461"
"1716a","Pasakų parkas","25.20606","54.68416"
"1717","Pasakų parkas","25.20559","54.68477"
"1718","Teodoro Narbuto st.","25.23016","54.69995"
"1801","Justiniškės","25.22203","54.71676"
"1802","Rygos st.","25.23019","54.7156"
"1803","Pal. Jurgio Matulaičio bažnyčia","25.22678","54.71178"
"1804","Lūžiai","25.21772","54.71164"
"1805","Šaulių sąjunga","25.22607","54.70909"
"1807","Viršuliškės","25.22674","54.70849"
"1808","Viršuliškės","25.22623","54.70683"
"1809","Spaudos rūmai","25.22547","54.70417"
"1810","Spaudos rūmai","25.22353","54.70361"
"1811","Spaudos rūmai","25.22377","54.70263"
"1812","Teodoro Narbuto st.","25.23021","54.70022"
"1813","Troleibusų parkas","25.2194","54.70363"
"1814","Kryžkelė","25.20987","54.70389"
"1815","Kaukaro st.","25.21577","54.70665"
"1816","Ąžuolyno st.","25.23405","54.7051"
"1817","Ąžuolyno st.","25.23527","54.70479"
"1818","Pal. Jurgio Matulaičio bažnyčia","25.22824","54.7124"
"1819","Viršuliškės","25.22676","54.70649"
"1820","Teodoro Narbuto st.","25.22967","54.70018"
"1840","pagal pareikalavimą","25.21538","54.70237"
"1901","Saltoniškės","25.26185","54.70231"
"1902","Šeškinė","25.25213","54.70976"
"1903","Šeškinė","25.25157","54.70963"
"1904","Šeškinė","25.25124","54.71069"
"1905","Siesikų st.","25.24636","54.70985"
"1906","Siesikų st.","25.24424","54.7098"
"1907","Vaikų kaimas","25.24118","54.70877"
"1908","Vaikų kaimas","25.24035","54.70949"
"1909","Buivydiškių st.","25.23789","54.71322"
"1910","Buivydiškių st.","25.23743","54.71394"
"1911","Rygos st.","25.23211","54.71575"
"1911n","Rygos st.","25.23148","54.71573"
"1912","Rygos st.","25.23153","54.71687"
"1913","Čiobiškio st.","25.23292","54.71946"
"1914","Ukmergės st.","25.2488","54.71201"
"1914neg","Ukmergės st.","25.24826","54.71186"
"1915","Ukmergės st.","25.24942","54.71194"
"1916","Ukmergės st.","25.24974","54.71245"
"1917","Dūkštų st.","25.24528","54.71486"
"1918","Dūkštų st.","25.24638","54.715"
"1919","Musninkų st.","25.24452","54.71662"
"1920","Musninkų st.","25.24386","54.71665"
"1921","Šeškinės poliklinika","25.24745","54.71606"
"1922","Ukmergės st. ","25.25166","54.71328"
"1923","Šeškinės kalvos","25.25819","54.71109"
"1924","Gelvonėlio st.","25.25677","54.71443"
"1925","Gelvonėlio st.","25.25741","54.71505"
"1926","Paberžės st.","25.25481","54.71616"
"1927","Gelvonų st.","25.25763","54.71764"
"1928","Gelvonų st.","25.25767","54.71838"
"1929","Paberžės st.","25.25358","54.71617"
"1930","Šeškinės kalvos","25.257","54.71157"
"1931","Šeškinės kalvos","25.25622","54.71085"
"1932","Šeškinės poliklinika","25.24715","54.71545"
"1933","Musninkų st.","25.24484","54.7169"
"2001","Mykolo Romerio universitetas","25.25976","54.73531"
"2002","Ateities st.","25.26672","54.73707"
"2003","Kalvarijos","25.27686","54.73854"
"2004","Seminarija","25.27791","54.73702"
"2005","Seminarija","25.27801","54.73576"
"2006","Pušynas","25.27891","54.73436"
"2007","Pušynas","25.2788","54.73328"
"2008","Didlaukio st.","25.26926","54.72903"
"2009","Didlaukio st.","25.27162","54.72915"
"2010","Baltupiai","25.27858","54.72758"
"2011","Baltupiai","25.28001","54.72688"
"2012","Naujakiemio st.","25.28144","54.72387"
"2013","Naujakiemio st.","25.28114","54.72467"
"2014","Jono Kazlausko st.","25.28502","54.72145"
"2015","Pramogų arena","25.28573","54.71508"
"2016","Licėjus","25.27692","54.71314"
"2017","Ateities st.","25.26599","54.736"
"2018","Baltupiai","25.28013","54.72828"
"2019","Ateities st.","25.26656","54.7363"
"2101","Ateities st.","25.26515","54.73682"
"2102","Ateities st.","25.26584","54.7375"
"2103","Mokyklos st.","25.26338","54.74535"
"2104","Mokyklos st.","25.26375","54.74629"
"2105","Bajorų sodai","25.25659","54.75765"
"2105a","Bajorai","25.23163","54.75352"
"2106","Chemijos institutas","25.26182","54.75508"
"2106a","Chemijos institutas","25.26319","54.75431"
"2107","Akademijos st.","25.27066","54.75262"
"2109","Jono Kairiūkščio st.","25.27026","54.75705"
"2110","Jono Kairiūkščio st.","25.26991","54.75718"
"2111","Visoriai","25.26474","54.75781"
"2112","Kalvarijos","25.27535","54.73933"
"2113","Kalvarijos","25.27677","54.73997"
"2114","Jeruzalė","25.27691","54.74295"
"2115","Jeruzalė","25.27788","54.74415"
"2116","Žaliųjų Ežerų st.","25.27913","54.74855"
"2117","Molėtų plentas","25.2781","54.74975"
"2118","Molėtų plentas","25.27754","54.75031"
"2119","Žaliųjų Ežerų st.","25.28111","54.74967"
"2120","Žaliųjų Ežerų st.","25.27982","54.75062"
"2121","Santariškės","25.27979","54.752"
"2122","Santariškės","25.28031","54.75286"
"2123","Vaikų ligoninė","25.28131","54.75633"
"2125","Petro Baublio st.","25.28655","54.7515"
"2127","Petro Baublio st.","25.28788","54.75183"
"2128","Verkių rūmai","25.29599","54.75224"
"2129","Verkių rūmai","25.29645","54.75236"
"2130","Ežerėliai","25.30666","54.76131"
"2131","Maumedžių st.","25.26436","54.74065"
"2132","Maumedžių st.","25.26437","54.74108"
"2133","Chemijos institutas","25.26385","54.75385"
"2134","Muzikų st.","25.28157","54.75921"
"2135","Muzikų st.","25.28103","54.75832"
"2136","Santariškių žiedas","25.28252","54.76359"
"2137","Santariškių žiedas","25.28215","54.7637"
"2138","Vaikų ligoninė","25.28054","54.75551"
"2139","Mokyklos st.","25.26336","54.74434"
"2140","Mokyklos st.","25.26295","54.74341"
"2141","Akademijos st.","25.27239","54.75263"
"2142","Akademijos st.","25.26868","54.75309"
"2143","Akademijos st.","25.27025","54.75391"
"2144","Akademijos st.","25.26838","54.75352"
"2145","Geležinio Vilko st.","25.27172","54.75677"
"2146","Geležinio Vilko st.","25.27238","54.75765"
"2147","Vaikų ligoninė","25.28085","54.75613"
"2148","Bajorai","25.23716","54.75674"
"2149","Mokslininkų st.","25.2493","54.75454"
"2150","Mokslininkų st.","25.24977","54.75445"
"2151","Mergelės st.","25.23851","54.75645"
"2152","Riaubonių st.","25.23294","54.75526"
"2153","Daubų st.","25.23133","54.7573"
"2154","Bajorų miškas","25.24233","54.75633"
"2155","Bajorų miškas","25.2425","54.75626"
"2156","Vaikų ligoninė (išlaipinama)","25.28088","54.75524"
"2201","Ežerėliai","25.31018","54.76255"
"2202","Naujieji Verkiai","25.33217","54.75984"
"2204","Vaikų darželis","25.33591","54.76306"
"2205","Vaikų darželis","25.33563","54.76256"
"2206","Kremplių st.","25.33586","54.76698"
"2207","Kremplių st.","25.33566","54.76725"
"2208","Popieriaus st.","25.33202","54.76987"
"2209","Popieriaus st.","25.33261","54.76996"
"2210","Kurklių st.","25.3265","54.77002"
"2211","Kurklių st.","25.32744","54.77033"
"2212","Verkių Riešė","25.33699","54.77695"
"2213","Verkių Riešė","25.33811","54.77739"
"2214","Staviškės","25.35162","54.76345"
"2215","Staviškės","25.35276","54.76398"
"2216","Ožkiniai","25.36011","54.76706"
"2217","Ožkiniai","25.3615","54.76718"
"2218","Ožkinių žiedas","25.36646","54.76844"
"2219","Ragučio st.","25.34204","54.78026"
"2220","Ragučio st.","25.34263","54.78076"
"2222","Balsiai","25.34779","54.78595"
"2223","Kryžiokai","25.35118","54.79219"
"2224","Naujoji st.","25.34632","54.76332"
"2225","Naujoji st.","25.34598","54.76349"
"2226","Naujaneriai","25.34841","54.80173"
"2227","Naujaneriai","25.34928","54.80194"
"2228","Paežerys","25.33611","54.8003"
"2229","Paežerys","25.33534","54.80012"
"2230","Diemedis","25.32958","54.80323"
"2231","Diemedis","25.32974","54.80289"
"2232","Grūšiakalnis","25.37363","54.77553"
"2233","Gulbinų st.","25.31892","54.80584"
"2234","Gulbinų st.","25.31976","54.8056"
"2235","Pagubė","25.3132","54.80796"
"2236","Kryžiokai","25.35127","54.79161"
"2237","Sakališkės","25.32187","54.81469"
"2238","Krakiškės","25.34992","54.79594"
"2239","Krakiškės","25.35003","54.79522"
"2240","Užpalių st","25.35317","54.78655"
"2241","Kryžiokų sodai","25.36591","54.78884"
"2243","Bireliai","25.32066","54.82118"
"2244","Bireliai","25.32052","54.82099"
"2245","Birelių žiedas","25.3303","54.82336"
"2246","Juozapiškės","25.35237","54.80947"
"2247","Juozapiškės","25.3528","54.80698"
"2248","Europos parkas","25.35351","54.82507"
"2249","Sakališkės","25.32173","54.81465"
"2250","Pagubės sodai","25.32749","54.80599"
"2251","Pagubės sodai","25.32727","54.80638"
"2252","Pagubės sodai","25.32679","54.80621"
"2253","Ąžuolynas","25.32378","54.81125"
"2254","Ąžuolynas","25.32384","54.81099"
"2255","Austėjos st.","25.34554","54.77823"
"2256","Austėjos st.","25.34615","54.77817"
"2257","Žalčių st.","25.35032","54.77819"
"2258","Žalčių st.","25.35124","54.77807"
"2259","Balsių mokykla","25.3598","54.78058"
"2260","Krakiškių sodai","25.34014","54.80074"
"2261","Ragės st.","25.35139","54.78495"
"2262","Ragės st.","25.35194","54.78468"
"2263","Balsiai","25.34776","54.78604"
"2264","Krakiškių sodai","25.34074","54.80091"
"2265","Žaliojo Visalaukio st.","25.34072","54.7786"
"2267","Žaliojo Visalaukio st.","25.34044","54.77863"
"2296","Žilvičių st.","25.38114","54.70689"
"2297","Žilvičių st.","25.38076","54.70684"
"2298","Mileišiškės","25.34209","54.71172"
"2299","Mileišiškės","25.34174","54.71176"
"2300","Skirgiškės","25.3641","54.82865"
"2301","Mildos st.","25.3421","54.69302"
"2302","Mildos st.","25.34376","54.69147"
"2303","Viršupis","25.34496","54.69615"
"2304","Šilo st.","25.34933","54.70009"
"2305","Lyglaukiai","25.35381","54.70237"
"2306","Viadukas","25.3492","54.69397"
"2307","Viadukas","25.34898","54.69301"
"2308","Girininkija","25.36363","54.69439"
"2309","Girininkija","25.36486","54.69459"
"2310","Kučkuriškės","25.36955","54.69581"
"2311","Kučkuriškės","25.36901","54.69551"
"2312","Pūčkorių atodanga","25.35951","54.69193"
"2313","Pūčkorių atodanga","25.3601","54.69159"
"2314","Pūčkoriai","25.36641","54.69145"
"2315","Pūčkoriai","25.3673","54.69112"
"2316","Stepono Batoro st.","25.37802","54.69317"
"2317","Stepono Batoro st.","25.37896","54.69312"
"2318","Užtvankos st.","25.38105","54.6967"
"2319","Užtvankos st.","25.38113","54.6965"
"2320","Širšių st.","25.38774","54.69566"
"2321","Širšių st.","25.3893","54.69561"
"2322","Alberto Kojelavičiaus st.","25.3957","54.69516"
"2323","Alberto Kojelavičiaus st.","25.39674","54.69465"
"2324","Alberto Kojelavičiaus st.","25.39844","54.69631"
"2325","Uosių st.","25.40122","54.69903"
"2326","Uosių st.","25.40195","54.69939"
"2327","Uosių st.","25.40141","54.69943"
"2328","Paparčių st.","25.39411","54.70163"
"2329","Paparčių st.","25.39462","54.70157"
"2330","Kalno st.","25.39286","54.70476"
"2331","Palydovo st.","25.40844","54.701"
"2332","Palydovo st.","25.40998","54.70112"
"2333","Pupojų st.","25.4131","54.70183"
"2334","Pupojų st.","25.41411","54.70272"
"2335","Šiaurės st.","25.41716","54.70863"
"2336","Šiaurės st.","25.41681","54.70929"
"2337","Jankos Kupalos st.","25.4014","54.69445"
"2338","Jankos Kupalos st.","25.40168","54.69432"
"2339","Dūmų st.","25.40036","54.69318"
"2340","Dūmų st.","25.40137","54.69318"
"2341","Lelijų st.","25.40104","54.68973"
"2342","Lelijų st.","25.40021","54.68949"
"2343","Ievų st.","25.40698","54.6943"
"2344","Ievų st.","25.40838","54.69433"
"2345","Tremtinių st.","25.40981","54.6929"
"2346","Tremtinių st.","25.41063","54.6926"
"2347","Tremtinių st.","25.41141","54.6931"
"2348","Genių st.","25.41255","54.68827"
"2349","Genių st.","25.41324","54.68798"
"2350","Grigaičiai","25.41215","54.68156"
"2351","Grigaičiai","25.41263","54.68198"
"2352","Respublikinė psichiatrijos ligoninė","25.41868","54.68594"
"2353","Respublikinė psichiatrijos ligoninė","25.41933","54.68563"
"2354","Parko st.","25.42449","54.68561"
"2355","Parko st.","25.4261","54.6855"
"2356","Naujosios Vilnios žiedas","25.42811","54.68558"
"2357","Naujosios Vilnios žiedas","25.42996","54.68593"
"2358","Rytų st.","25.43274","54.68956"
"2359","Rytų st.","25.43374","54.69044"
"2360","Gandrų st.","25.41434","54.69521"
"2361","Gandrų st.","25.41467","54.69516"
"2362","Pramonės st.","25.41865","54.69448"
"2363","Pramonės st.","25.41807","54.69435"
"2364","Rugiagėlių st.","25.42021","54.69608"
"2365","Rugiagėlių st.","25.42181","54.69626"
"2366","Bičių st.","25.42966","54.69768"
"2367","Bičių st.","25.42837","54.69735"
"2368","Neries st.","25.42939","54.69572"
"2369","Neries st.","25.42869","54.69563"
"2370","Linksmoji st.","25.43593","54.69508"
"2371","Linksmoji st.","25.43604","54.69518"
"2372","Naujoji Vilnia","25.44039","54.69523"
"2373","Užkiemio st.","25.43281","54.69889"
"2374","Užkiemio st.","25.43283","54.69908"
"2375","Arimų st.","25.43145","54.70248"
"2376","Alberto Kojelavičiaus st.","25.39634","54.69503"
"2376a","Alberto Kojelavičiaus st.","25.3971","54.69461"
"2377","Kalno st.","25.39314","54.70491"
"2378","Naujosios Vilnios žiedas","25.42889","54.68543"
"2379","Naujoji Vilnia","25.43904","54.69526"
"2380 Regio","Polocko kryptis","25.46002","54.69237"
"2381 Regio","Polocko kryptis","25.45939","54.69259"
"2382 Regio","Viktariškės","25.48062","54.69346"
"2383 Regio","Viktariškės","25.47763","54.69299"
"2384 Regio","Lyta","25.49468","54.69852"
"2385 Regio","Lyta","25.49333","54.69808"
"2386 Regio","Mickūnai","25.5165","54.70245"
"2387 Regio","Verbų st.","25.44467","54.69446"
"2388 Regio","Verbų st.","25.44464","54.69455"
"2389","Naujoji Vilnia","25.44217","54.6948"
"2390","Naujoji Vilnia","25.44065","54.69507"
"2391","Uosių sodai","25.38691","54.70754"
"2392","Uosių sodai","25.38548","54.7077"
"2393","Rokantiškių sodai","25.37578","54.7059"
"2394","Rokantiškių sodai","25.37675","54.70606"
"2395","Anapilio st.","25.35853","54.70764"
"2395a","Iki pareikalavimo","25.35701","54.71018"
"2395b","Iki pareikalavimo","25.35777","54.70981"
"2396","Anapilio st.","25.3584","54.70771"
"2397","Viršupio sodai","25.35319","54.71267"
"2398","Viršupio sodai","25.3526","54.71332"
"2399","Mileišiškių sodai","25.34809","54.71312"
"2400","Mileišiškių sodai","25.34743","54.71297"
"2401","Eigulių st.","25.23547","54.669"
"2402","Burbiškės","25.25275","54.6668"
"2402a","Burbiškės","25.25335","54.66609"
"2404","Vilkpėdės st.","25.23679","54.66478"
"2405","Vilkpėdės st.","25.23548","54.66331"
"2406","Riovonys","25.23359","54.65967"
"2406a","UAB ""Silikatas""","25.23354","54.66025"
"2407","Riovonys","25.23233","54.65893"
"2408","Pakalniškių st.","25.22513","54.65453"
"2408aa","Pakalniškių st.","25.22409","54.65395"
"2409","Pakalniškių st.","25.22384","54.65416"
"2410","Baldai","25.21825","54.65066"
"2411","Baldai","25.21614","54.64983"
"2412","Sausupio st.","25.21217","54.64722"
"2413","Žemieji Paneriai","25.20948","54.64608"
"2414","Vaduvos st.","25.20712","54.64487"
"2415","Vaduvos st.","25.20665","54.64438"
"2416","Ūmėdžių st.","25.20425","54.64262"
"2417","Valkininkų st.","25.20256","54.64406"
"2418","Valkininkų st.","25.20184","54.64372"
"2419","Šaltupio st.","25.19113","54.64676"
"2420","Šaltupio st.","25.19038","54.64734"
"2421","Titnago st.","25.1856","54.65006"
"2421a","Titnago st.","25.18459","54.65049"
"2422","Jankiškių st.","25.19468","54.64537"
"2423","Jankiškių st.","25.19522","54.64506"
"2424","Vilkpėdės žiedas","25.24565","54.66563"
"2425","Vilkpėdės žiedas","25.24501","54.66575"
"2501","Vaidotai","25.17635","54.59876"
"2502","Vėjo st.","25.17573","54.597"
"2601","Eišiškių plentas","25.26784","54.64925"
"2602","Eišiškių plentas","25.26853","54.6497"
"2603","Eišiškių plentas","25.27177","54.65129"
"2604","Eišiškių plentas","25.27186","54.65148"
"2605","Metalo st.","25.26501","54.64581"
"2606","Metalo st.","25.26573","54.64632"
"2607","Dariaus ir Girėno st.","25.27313","54.64719"
"2608","Dariaus ir Girėno st.","25.27318","54.64755"
"2609","Metalo st.","25.26567","54.64556"
"2610","Metalo st.","25.26596","54.64488"
"2611","Felikso Vaitkaus st.","25.27373","54.64406"
"2612","Felikso Vaitkaus st.","25.27401","54.64352"
"2613","Oro uostas","25.27893","54.64278"
"2614","Hidrogeologijos st.","25.26321","54.64344"
"2615","Hidrogeologijos st.","25.26267","54.64295"
"2616","Geologų st.","25.26679","54.63986"
"2617","Geologų st.","25.26684","54.63868"
"2618","Kirtimai","25.27461","54.63684"
"2619","Kirtimai","25.27466","54.63748"
"2620","Tiekimo st.","25.27312","54.63206"
"2621","Tiekimo st.","25.27323","54.63323"
"2622","Kirtimų geležinkelio stotis","25.2722","54.62953"
"2623","Katilinė","25.26604","54.63486"
"2624","Verslo st.","25.25934","54.63933"
"2625","Verslo st.","25.25882","54.63898"
"2626","Verslo st.","25.25814","54.63701"
"2627","Elektros st.","25.25666","54.63399"
"2628","Dilgynė","25.25372","54.63435"
"2629","Dilgynė","25.25296","54.63427"
"2630","Dilgynė","25.25412","54.6349"
"2631","Karaimų kapinės","25.29743","54.65511"
"2632","Žirnių st.","25.3027","54.65307"
"2633","Kelininkų st.","25.30266","54.64917"
"2634","Šalčininkų kryptis","25.30273","54.64398"
"2635","Miško parkas","25.30307","54.63671"
"2636","Lydos st.","25.30547","54.62522"
"2637","Salininkų sodai","25.28348","54.61803"
"2638","Sakalaičių st.","25.27557","54.61463"
"2639","Meistrų st.","25.25945","54.63085"
"2640","Čigonų st.","25.26474","54.63078"
"2641","Paštas","25.27655","54.63581"
"2644","Rodūnios kelias","25.27771","54.64185"
"2645","Rodūnios kelias","25.27789","54.64168"
"2646","Pupinė","25.29469","54.62137"
"2647","Pupinė","25.29581","54.62153"
"2648","Rodūnios sodų st.","25.27778","54.63249"
"2649","Paštas","25.27704","54.63595"
"2650","Elektros st.","25.25639","54.63374"
"2651","Meistrų st.","25.25939","54.63073"
"2652","Katilinė","25.26621","54.63488"
"2653","Čigonų st.","25.26495","54.63079"
"2701","Užusienis","25.23943","54.63298"
"2702","Eišiškių sodai","25.24954","54.6274"
"2703","Eišiškių sodai","25.24947","54.62625"
"2704","Ąžuolijai","25.24387","54.62186"
"2705","Ąžuolijai","25.24455","54.62026"
"2706","Salininkų žiedas","25.25197","54.61419"
"2707","Salininkų žiedas","25.25182","54.61403"
"2708","Mechanikų st.","25.25171","54.60968"
"2709","Mechanikų st.","25.25147","54.6097"
"2710","Salininkai","25.25036","54.60609"
"2711","Salininkai","25.25161","54.60566"
"2712","Melioratorių st.","25.25838","54.60525"
"2713","Melioratorių st.","25.26033","54.60512"
"2714","Vilniaus st.","25.26949","54.60566"
"2715","Pervaža","25.27456","54.60948"
"2716","Dieveniškių st.","25.2488","54.63407"
"2717","Dieveniškių st.","25.24933","54.63383"
"2718","Miškiniai","25.23314","54.59085"
"2719","Salininkai","25.2496","54.60589"
"2720","Juodšiliai","25.26546","54.58107"
"2721","Vokės parkas","25.22004","54.59378"
"2722","Miškiniai","25.23398","54.59027"
"2723","1-ieji Juodšiliai","25.24924","54.58541"
"2724","1-ieji Juodšiliai","25.24828","54.58528"
"2725","Vokės parkas","25.21903","54.59501"
"2726","Miškinių sodai","25.2372","54.58885"
"2727","Miškinių sodai","25.2374","54.58871"
"2728","2-ieji Juodšiliai","25.26395","54.58512"
"2729","2-ieji Juodšiliai","25.26334","54.58496"
"2730","Miškiniai 1","25.24506","54.58579"
"2731","Salininkai","25.2505","54.60621"
"2732","Avinėlių st.","25.27409","54.60153"
"2733","Avinėlių st.","25.27397","54.60117"
"2801","Fermentų st.","25.14078","54.62471"
"2802","Fermentų st.","25.13989","54.62549"
"2802a","Fermentų st.","25.13932","54.62654"
"2803","Vokės st.","25.14314","54.62144"
"2804","Vokės st.","25.14492","54.61976"
"2805","Vokės st.","25.14521","54.61923"
"2806","Kazbėjų st.","25.14909","54.61645"
"2807","Kazbėjų st.","25.14953","54.61584"
"2808","Slėnis","25.15422","54.61215"
"2809","Slėnis","25.1544","54.61227"
"2810","Chemijos st.","25.15066","54.6274"
"2810a","Chemijos st.","25.14704","54.62689"
"2811","Chemijos st.","25.15099","54.62628"
"2811a","Chemijos st.","25.14667","54.6267"
"2812","Prekybos st.","25.15673","54.62128"
"2813","Prekybos st.","25.15741","54.62063"
"2814","Juodšilių st.","25.16242","54.61669"
"2815","Vilniaus st.","25.27069","54.60611"
"2816","Šaltinio st.","25.18212","54.60143"
"2817","Šaltinio st.","25.18311","54.60171"
"2818","Pagirių st.","25.19145","54.6051"
"2819","Pagirių st.","25.19153","54.60494"
"2820","Juodšilių st.","25.16298","54.61606"
"2821","Vytauto Andriaus Graičiūno st.","25.16","54.60814"
"2822","Kazbėjų žiedas","25.13801","54.6166"
"2823","Vilniaus Pergalė","25.15204","54.6141"
"2824","Krantinės st.","25.19113","54.60412"
"2825","Vilniaus Pergalė","25.15191","54.61403"
"2901","Valkininkų st.","25.19972","54.64395"
"2903","Fizikos institutas","25.18254","54.64212"
"2904","Lentvario st.","25.17833","54.63874"
"2905","Lentvario st.","25.17726","54.63836"
"2906","Aukštieji Paneriai","25.17403","54.63135"
"2907b","Galvės st.","25.15372","54.63296"
"2908","Galvės st.","25.15096","54.63247"
"2908a","Galvės st.","25.14985","54.63392"
"2908n","Galvės st.","25.15167","54.63327"
"2909","Galvės st.","25.1516","54.63219"
"2910","Galvės st.","25.1508","54.63274"
"2911","Deguonies st.","25.14652","54.63601"
"2912","Deguonies st.","25.14677","54.63568"
"2913","Granito st.","25.14349","54.63733"
"2914","Žarijų st.","25.14007","54.63239"
"2915","Žarijų st.","25.14053","54.63223"
"2916","Šešėlių st.","25.13566","54.6376"
"2917","Šešėlių st.","25.13563","54.63715"
"2918","Liudvinavo st.","25.13522","54.64067"
"2919","Liudvinavo st.","25.13522","54.64015"
"2920","Asfalto st.","25.13449","54.6448"
"2921","Asfalto st.","25.13463","54.64519"
"2922","Kulokiškės","25.14227","54.64564"
"2923","Kulokiškės","25.14395","54.64538"
"2924","Kauno plentas","25.15088","54.65424"
"2925","Kauno plentas","25.15088","54.65524"
"2926","Gariūnai","25.16061","54.65999"
"2927","Gariūnai","25.15913","54.65892"
"2928","Gariūnai","25.16073","54.65908"
"2929","Gariūnai","25.16286","54.6603"
"2929a","Gariūnai","25.15441","54.65854"
"2930","Jočionys","25.16171","54.66413"
"2931","Jočionys","25.16189","54.66474"
"2932","Elektrinės st.","25.16205","54.66746"
"2932a","Elektrinės st.","25.15901","54.667"
"2933","Vandenvala","25.17311","54.66539"
"2934","Vandenvala","25.1738","54.66534"
"2935","Liudvinava","25.12837","54.64705"
"2936","Liudvinava","25.12816","54.64716"
"2937","Vilijos st.","25.17316","54.63595"
"2938","Vilijos st.","25.17174","54.63557"
"2939","Prekybos bazė","25.13807","54.65806"
"2940","Stasylų st.","25.13073","54.62829"
"2941","Stasylų st.","25.13342","54.62871"
"2942","Gariūnų st.","25.14866","54.6559"
"2943","Gariūnų st.","25.15455","54.65296"
"2944","Elektrinės st.","25.16234","54.66774"
"2945","Aukštieji Paneriai","25.17376","54.63126"
"2946","Zuikių st.","25.19844","54.63242"
"2947","Vasarotojų st.","25.18591","54.62497"
"2948","Vasarotojų st.","25.18518","54.62522"
"2949","Kadugių st.","25.17996","54.62743"
"2950","Kadugių st.","25.18154","54.62674"
"2951","Vilijos st.","25.17254","54.63484"
"2999","Lentvaris","25.05303","54.64535"
"3000","Kilimų fabrikas","25.04649","54.65364"
"3001","Naujasis Lentvaris","25.05965","54.658"
"3002","Naujasis Lentvaris","25.05934","54.65801"
"3003","Lentvaris","25.05467","54.64507"
"3004","Kilimų fabrikas","25.04569","54.65519"
"3005","Vandenų st.","25.04874","54.65804"
"3101","Eduardo Andrė st.","25.10773","54.62894"
"3102","Juodbaliai","25.12092","54.61208"
"3103","Juodbaliai","25.12084","54.61189"
"3104","Daniliškės","25.13817","54.60105"
"3105","Gunkliškių st.","25.10127","54.6273"
"3106","Trakų Vokė","25.11","54.62368"
"3107","Juozo Tiškevičiaus st.","25.11329","54.62135"
"3108","Juozo Tiškevičiaus st.","25.11288","54.62198"
"3109","Trakų Vokė","25.11253","54.624"
"3110","Bičiulių st.","25.13419","54.60393"
"3111","Bičiulių st.","25.13479","54.60313"
"3112","Emilijos Pliaterytės st.","25.11657","54.61762"
"3113","Emilijos Pliaterytės st.","25.11674","54.617"
"3114","Metropolis","25.12912","54.60831"
"3115","Metropolis","25.12891","54.6087"
"3201","Pumpėnų st.","25.22192","54.72239"
"3202","Taikos st.","25.22279","54.72159"
"3203","Taikos st.","25.22162","54.72126"
"3204","Taikos st.","25.22263","54.7206"
"3205","Mykolo Biržiškos gimnazija","25.21716","54.72153"
"3206","Mykolo Biržiškos gimnazija","25.21843","54.72133"
"3207","Atžalyno st.","25.21426","54.71929"
"3208","Atžalyno st.","25.21413","54.71826"
"3209","Justiniškės","25.22209","54.71754"
"3211","Justiniškės","25.22085","54.71652"
"3212","Šiaurinė st.","25.21511","54.71554"
"3213","Šiaurinė st.","25.21486","54.71497"
"3214","Lūžiai","25.21661","54.7108"
"3215","Justiniškių žiedas","25.21251","54.70935"
"3216","Justiniškių žiedas","25.21334","54.70933"
"3217","Kaukaro st.","25.21422","54.70621"
"3218","Rygos st.","25.22962","54.71647"
"3219","Čiobiškio st.","25.232","54.71893"
"3220","Kaukaro st.","25.21579","54.70555"
"3301","Sūduvių st.","25.21922","54.72563"
"3302","Sūduvių st.","25.21906","54.72646"
"3303","Medeinos st.","25.21815","54.72871"
"3304","Medeinos st.","25.21902","54.72967"
"3305","Skalvių st.","25.21963","54.73455"
"3306","Skalvių st.","25.22005","54.73471"
"3306a","Skalvių st.","25.21798","54.73555"
"3307","Gabijos st.","25.22435","54.73135"
"3308","Gabijos st.","25.22632","54.7314"
"3310","Deivių st.","25.22905","54.73562"
"3311","Pašilaičiai","25.2305","54.73195"
"3312","Pašilaičiai","25.23164","54.73141"
"3313","Vilniaus rajono poliklinika","25.234","54.72332"
"3314","Vilniaus rajono poliklinika","25.23343","54.72281"
"3315","Žemynos st.","25.23398","54.72665"
"3316","Žemynos st.","25.23344","54.72576"
"3319","Juliaus Juzeliūno st.","25.23568","54.72918"
"3320","Juliaus Juzeliūno st.","25.23684","54.73041"
"3322","Gedvydžių st.","25.2342","54.73413"
"3323","Stasio Lozoraičio st.","25.24241","54.72401"
"3324","Pašilaičių žiedas","25.23387","54.72773"
"3325","Igno Šeiniaus st.","25.24353","54.72179"
"3326","Jurgio Baltrušaičio st.","25.23892","54.72934"
"3327","Jurgio Baltrušaičio st.","25.23961","54.72903"
"3328","Juliaus Juzeliūno st.","25.23504","54.73054"
"3329","Jurgio Baltrušaičio st.","25.23738","54.72944"
"3330","Skalvių st.","25.21859","54.73482"
"3331","Perkūno st.","25.22774","54.73936"
"3332","Perkūno st.","25.2272","54.73936"
"3335","Pašilaičių žiedas","25.2343","54.72842"
"3336","Pavilnionių st.","25.21449","54.73575"
"3337","Pavilnionių st.","25.21497","54.73569"
"3401","Kryžkelė","25.20941","54.70405"
"3402","Kryžkelė","25.20628","54.70551"
"3403","Tvenkinių st.","25.20082","54.71065"
"3404","Sidaronių st.","25.20298","54.70881"
"3405","Sidaronių st.","25.20358","54.70795"
"3501","Oskaro Milašiaus st.","25.31438","54.72783"
"3502","Lizdeikos st.","25.31366","54.72872"
"3503","Rato st.","25.30869","54.73082"
"3504","1-asis paplūdimys","25.29605","54.73311"
"3505","Vaidilutės st.","25.29455","54.73604"
"3506","2-asis paplūdimys","25.2946","54.74239"
"3507","Bruknių st.","25.30345","54.74355"
"3508","Meškeriotojų st.","25.32017","54.74621"
"3509","Meškeriotojų st.","25.31977","54.74585"
"3510","Turniškės","25.32753","54.74512"
"3511","Mėlynių st.","25.32285","54.74069"
"3512","Mėlynių st.","25.31569","54.73969"
"3513","Grybautojų st.","25.31756","54.7333"
"3514","Grybautojų st.","25.3182","54.73295"
"3515","Žuvėdrų st.","25.32414","54.7314"
"3516","Žuvėdrų st.","25.32467","54.73133"
"3517","Lakštingalų st.","25.32866","54.72995"
"3518","Lakštingalų st.","25.33112","54.72998"
"3519","Kiškių st.","25.33664","54.73383"
"3520","Kiškių st.","25.33814","54.73457"
"3521","Ežerėlių st.","25.34252","54.73784"
"3522","Ežerėlių st.","25.34438","54.73855"
"3523","Aukštagiris","25.35577","54.73049"
"3524","Dvarčionių kryžkelė","25.36972","54.73344"
"3525","Baniškės","25.3871","54.73451"
"3526","Kairėnai","25.40042","54.73623"
"3527","Gvazdikų st.","25.39804","54.74366"
"3528","Gvazdikų st.","25.39835","54.74315"
"3529","Žemoji Veržuva","25.40124","54.75002"
"3530","Žemoji Veržuva","25.40151","54.75002"
"3531","Vaguva","25.41687","54.74725"
"3532","Vaguva","25.41714","54.74711"
"3533","Aukštoji Veržuva","25.42812","54.74999"
"3534","Turniškių miškas","25.35776","54.74815"
"3535","Turniškių miškas","25.35849","54.74838"
"3536","Smėlynė","25.36489","54.75437"
"3537","Smėlynė","25.3658","54.75471"
"3538","Veržuvos st.","25.37262","54.76149"
"3539","Veržuvos st.","25.37405","54.76224"
"3540","Karačiūnai","25.38218","54.77234"
"3541","Karačiūnai","25.38303","54.77306"
"3542","Šilas","25.38346","54.78204"
"3543","Šilas","25.38376","54.78313"
"3544","Miškas","25.40463","54.78333"
"3545","Miškas","25.40316","54.78307"
"3546","Balžio st.","25.42904","54.79303"
"3547","Antaviliai","25.39775","54.79863"
"3548","Antaviliai","25.39651","54.79822"
"3549","Antavilių žiedas","25.39922","54.7998"
"3550","Jono Biliūno st.","25.39154","54.79425"
"3551","Jono Biliūno st.","25.39069","54.79371"
"3552","Nugalėtojų st.","25.34857","54.74172"
"3553","Nugalėtojų st.","25.34931","54.74176"
"3554","Svajonių st.","25.31469","54.74065"
"3555","Rato st.","25.3092","54.73071"
"3556","1-asis paplūdimys","25.29826","54.73266"
"3557","Vaidilutės st.","25.29415","54.7377"
"3558","Balžio žiedas","25.43652","54.79419"
"3559","Balžio st.","25.42967","54.793"
"3560","Laurų st.","25.38327","54.78949"
"3561","Vinciūniškės","25.39505","54.7591"
"3601","Senoji  Pilaitė","25.19664","54.70416"
"3602","Pilaitė","25.20108","54.70433"
"3603","Papilėnų st.","25.18741","54.70685"
"3604","Papilėnų st.","25.18651","54.70816"
"3605","Tolminkiemio st.","25.18009","54.70721"
"3606","Tolminkiemio st.","25.18119","54.70736"
"3607","Karaliaučiaus st.","25.17582","54.70725"
"3608","Karaliaučiaus st.","25.17572","54.7074"
"3609","Gilužio st.","25.17438","54.704"
"3610","Kriaučiūnų st.","25.14536","54.70387"
"3611","Platiniškės","25.12455","54.70423"
"3612","Bitėnų st.","25.17195","54.70178"
"3613","Bitėnų st.","25.17235","54.70169"
"3614","Gilužio st.","25.17449","54.70451"
"3615","Kriaučiūnai","25.14919","54.71244"
"3616","Kriaučiūnai","25.15055","54.712"
"3617","Papiškės","25.13202","54.71607"
"3618","Papiškės","25.12997","54.71643"
"3619","Vaivadiškės","25.11279","54.71746"
"3620","Vaivadiškės","25.11156","54.7172"
"3621","Bitėnų žiedas","25.17291","54.7032"
"3622","Smalinės st.","25.18742","54.70932"
"3623","Įsruties st.","25.18122","54.71045"
"3624","Įsruties st.","25.18293","54.70994"
"3625","Pajautos st.","25.17406","54.7105"
"3626","Pajautos st.","25.17608","54.71018"
"3627","Pajautos st.","25.17488","54.70977"
"3628","Karaliaučiaus st.","25.1751","54.70798"
"3629","Smalinės st.","25.18792","54.70855"
"3630","Senoji Pilaitė","25.19571","54.70462"
"3631","Papilėnų st.","25.18821","54.70683"
"3632","Padekaniškės","25.16035","54.71059"
"3633","Padekaniškės","25.16118","54.71052"
"3634","Pilaitė","25.2017","54.70306"
"3635","Papilėnų st.","25.18781","54.70753"
"3801","Stasio Lozoraičio st.","25.24251","54.7244"
"3802","Fabijoniškės","25.23739","54.73145"
"3803","Takas","25.23689","54.73296"
"3804","Takas","25.23594","54.73416"
"3805","Gedvydžių st.","25.23419","54.73463"
"3806","Gedvydžių st.","25.2373","54.73634"
"3807","Gedvydžių st.","25.23822","54.73702"
"3809","Fabijoniškių žiedas","25.24044","54.73933"
"3810","Fabijoniškių žiedas","25.24147","54.73906"
"3811","Fabijoniškių žiedas","25.24062","54.74009"
"3812","Sporto gimnazija","25.24241","54.73161"
"3813","Kaimelio žiedas","25.24446","54.7316"
"3814","Sporto gimnazija","25.2447","54.73299"
"3815","Pijaus Žadeikos st.","25.24626","54.7349"
"3816","Pijaus Žadeikos st.","25.24753","54.73504"
"3817","Antano Jonyno st.","25.24744","54.73137"
"3818","Antano Jonyno st.","25.24893","54.73156"
"3819","Liudo Giros st.","25.2521","54.73329"
"3820","Liudo Giros st.","25.25311","54.734"
"3821","Liudo Giros st.","25.25369","54.73313"
"3822","Liudo Giros st.","25.25421","54.73376"
"3823","Mykolo Romerio universitetas","25.25795","54.73517"
"3824","Pamiškė","25.2549","54.73041"
"3825","Pamiškė","25.25452","54.72958"
"3826","Simono Stanevičiaus st.","25.25418","54.7261"
"3827","Simono Stanevičiaus st.","25.25372","54.7252"
"3828","Jovaro st.","25.25396","54.72384"
"3829","Jovaro st.","25.25407","54.72287"
"3831","Pijaus Žadeikos st.","25.24623","54.73552"
"3832","Igno Šeiniaus st.","25.24426","54.72146"
"3833","Salomėjos Nėries st.","25.23245","54.73729"
"3834","Salomėjos Nėries st.","25.23175","54.73817"
"3835","Liudviko Zamenhofo st.","25.22889","54.74106"
"3836","Liudviko Zamenhofo st.","25.22754","54.74203"
"3837","Mykolo Lietuvio st.","25.22563","54.74357"
"3838","Išlaipinimas","25.22603","54.7438"
"3839","Kaimelio st.","25.24448","54.73059"
"3840","Kaimelio žiedas","25.24488","54.73155"
"3890","Kaimelio žiedas","25.2443","54.73141"
"3901","Mūrinė Vokė","25.12176","54.64828"
"3902","Juliaus Janonio st.","25.11084","54.64765"
"3903","Juliaus Janonio st.","25.10911","54.64778"
"3904","Bališkės","25.09966","54.64632"
"3905","Bališkės","25.09864","54.64613"
"3906","1-asis Lentvaris","25.06552","54.64437"
"3907","1-asis Lentvaris","25.06487","54.64427"
"3910","Raudonbalė","25.18096","54.74939"
"3911","Mūrinė Vokė","25.12157","54.64838"
"3912","Stasio Krasausko st.","25.09079","54.64433"
"3913","Stasio Krasausko st.","25.0912","54.64446"
"4001","Žirnių st.","25.30396","54.65392"
"4002","Kinologijos centras","25.32131","54.64878"
"4003","Kelininkų st.","25.30308","54.65048"
"4004","Šalčininkų kryptis","25.30285","54.64484"
"4005","Miško parkas","25.30331","54.63609"
"4006","Salininkų sodai","25.28465","54.61823"
"4007","Sakalaičių st.","25.27568","54.61421"
"4008","Pervaža","25.27467","54.60923"
"4009","Svirno st.","25.30796","54.61865"
"4010","Svirno st.","25.30824","54.61725"
"4011","Basiukai","25.31046","54.61206"
"4012","Basiukai","25.31098","54.61052"
"4013","Katiliškės","25.31308","54.60612"
"4014","Katiliškės","25.31304","54.60436"
"4015","Lydos st.","25.30561","54.62535"
"4016","Kalnėnai","25.33164","54.6546"
"4017","Rukainių st.","25.33716","54.65425"
"4018","Italų st.","25.33166","54.65277"
"4019","Ašmenėlės st.","25.34892","54.65116"
"4020","Kalnėnai","25.33125","54.65453"
"4021","Tautų st.","25.32442","54.65117"
"4022","Tautų st.","25.3247","54.65116"
"4101","Kovo 11-osios st.","25.08719","54.67498"
"4101a","Kovo 11-osios st.","25.09071","54.67347"
"4102","Kunigiškių st.","25.09277","54.67057"
"4102b","Kunigiškių st.","25.09292","54.67044"
"4103","Šviesos st.","25.09672","54.66945"
"4103a","Šviesos st.","25.09656","54.66941"
"4104","Salos","25.10068","54.66833"
"4104b","Salos","25.10393","54.66862"
"4105","Grigiškės","25.08955","54.67206"
"4106","Neravų st.","25.11174","54.66864"
"4108","Grigiškių žiedas","25.08734","54.67524"
"4109","Dėdeliškės","25.05604","54.68388"
"4110","Dėdeliškės","25.05657","54.68401"
"4111","Moluvėnai","25.03231","54.69235"
"4112","Kranto st.","25.08072","54.67349"
"4113","Žalioji st.","25.0772","54.66999"
"4114","Grigiškių žiedas","25.08231","54.67362"
"4115","Kranto st.","25.08022","54.67329"
"4116","Žalioji st.","25.07668","54.66959"
"4117","Valai","25.06356","54.70009"
"4301","Minsko plentas","25.33872","54.64434"
"4302","Sodai","25.34666","54.64243"
"4303","Nemėžis","25.35694","54.63997"
"4304","Daržininkai","25.36844","54.6372"
"4306","Posūkis","25.39308","54.62644"
"4307","Stankutiškės","25.38993","54.62039"
"4308","Stankutiškės","25.39024","54.62085"
"4309","Sodžiaus st.","25.38901","54.6139"
"4310","Sodžiaus st.","25.38872","54.61364"
"4311","Skaidiškių žiedas","25.38701","54.6104"
"4312","Skaidiškių žiedas","25.38599","54.60943"
"4313","Skaidiškės","25.38387","54.60583"
"4314","Skaidiškės","25.38357","54.6064"
"4315","Skaistės st.","25.39316","54.60573"
"4316","Skaidiškės","25.38255","54.60569"
"4317","Draugystės st.","25.36351","54.59592"
"4318","Draugystės st.","25.36412","54.59598"
"4319","Rudamina","25.3512","54.59238"
"4320","Rudamina","25.34825","54.59135"
"4321","Čekėnų st.","25.33798","54.59302"
"4322","Čekėnų st.","25.33948","54.59265"
"4323","Rudaminos paukštynas","25.32915","54.59484"
"4324","Rudaminos paukštynas","25.32951","54.59464"
"4325","Kineliai","25.31564","54.5976"
"4326","Kineliai","25.31626","54.59737"
"4327","Daržininkai","25.3667","54.63803"
"4329","Posūkis","25.39227","54.62727"
"4330","Čekėnai","25.3481","54.59052"
"4331","UAB ""Vingės terminalas""","25.45632","54.60928"
"4350","Nemėžis","25.35582","54.63881"
"4351","Baltarusių st.","25.34363","54.63364"
"4352","Vladislavo Sirokomlės st.","25.35393","54.63453"
"4353","Sodybų st.","25.32668","54.63182"
"4355","Vyturių st.","25.32758","54.63744"
"4357","Vilties st.","25.33503","54.64456"
"4358","Šveicarų st.","25.32657","54.63509"
"4359","Ramunių st.","25.33531","54.63259"
"4401","Tvenkinių st.","25.20066","54.71104"
"4402","Buivydiškės","25.19645","54.71687"
"4403","Buivydiškės","25.19697","54.71735"
"4404","Sodų st.","25.18789","54.72409"
"4405","Sodų st.","25.18717","54.72427"
"4406","Zujūnai","25.18153","54.72671"
"4407","Naujosios Gineitiškės","25.20137","54.73597"
"4408","Antežeriai","25.18649","54.73377"
"4409","Antežeriai","25.18527","54.73255"
"4410","Zujūnai","25.18209","54.72662"
"4411","Naujosios Gineitiškės","25.20239","54.73583"
"4412","Senosios Gineitiškės","25.18928","54.7359"
"4413","Senosios Gineitiškės","25.19373","54.73565"
"4414","Ąžuolų st.","25.19473","54.7205"
"4415","Ąžuolų st.","25.19339","54.72171"
"4601","Purienų st.","25.41235","54.72575"
"4602","Galgiai","25.41133","54.72031"
"4603","Galgiai","25.4115","54.71935"
"4604","Vakario st.","25.4126","54.71454"
"4901","2–osios Bukiškės","25.19852","54.76309"
"4902","1–osios Bukiškės","25.20003","54.76356"
"4903","Aušveita","25.07921","54.677"
"4904","Vosyliukai","25.02645","54.71087"
"5001","Pavilionys","25.2241","54.74187"
"5002","Pavilionys","25.22351","54.74197"
"5003","Medelynas","25.21377","54.75095"
"5004","Medelynas","25.21489","54.74959"
"5005","Bukiškių st.","25.20566","54.75758"
"5006","Tarandė","25.20812","54.74938"
"5007","Tarandė","25.20724","54.74932"
"5008","Laidagaliai","25.19002","54.74685"
"5009","Laidagaliai","25.19087","54.74665"
"5010","Tomo Žebrausko st.","25.2003","54.7483"
"5011","Tomo Žebrausko st.","25.19964","54.748"
"5012","Pagrandos st.","25.18268","54.74662"
"5013","Pagrandos st.","25.18251","54.74649"
"5014","Kelmiškių st.","25.17862","54.74907"
"5015","Bukiškių st.","25.20586","54.75776"
"5101","Didžioji Riešė","25.25682","54.8061"
"5102","Didžioji Riešė","25.25674","54.80684"
"5103","Riešės gimnazija","25.23333","54.80872"
"5104","Riešės gimnazija","25.23469","54.80856"
"5105","Riešės žirgynas","25.23159","54.80921"
"5106","Vanaginė","25.27291","54.77539"
"5107","Vanaginė","25.27197","54.7738"
"5108","Raisteliai","25.21761","54.61123"
"5109","Raisteliai","25.21812","54.61139"
"5110","Baltoji Vokė","25.1938","54.6033"
"5110a","Baltoji Vokė","25.19765","54.6018"
"5111","Baltoji Vokė","25.19329","54.60365"
"5111a","Baltoji Vokė","25.19832","54.60173"
"5112","Žemieji Pagiriai","25.20442","54.5815"
"5113","Žemieji Pagiriai","25.20609","54.58272"
"5114","Pagiriai","25.19829","54.57716"
"5115","Skersinės st.","25.2716","54.76453"
"5116","Skersinės st.","25.2719","54.76518"
"5117","Ąžuolijai","25.24273","54.62168"
"5118","Margirio st.","25.18706","54.61256"
"5119","Gulbinai","25.27653","54.78872"
"5120","Gulbinai","25.27437","54.78675"
"5121","Riešė","25.27179","54.80526"
"5122","Riešė","25.27283","54.80453"
"5123","Margirio st.","25.18688","54.61288"
"5124","Agrastų st.","25.17703","54.62943"
"5125","Kiparisų st.","25.27196","54.78219"
"5126","Kiparisų st.","25.27173","54.78325"
"5127","Samanų st.","25.26938","54.78641"
"5128","Samanų st.","25.26907","54.78714"
"5129","Lauko st.","25.26597","54.79221"
"5130","Lauko st.","25.26582","54.79315"
"5131","Kaštonų st.","25.26213","54.79815"
"5132","Kaštonų st.","25.26211","54.79836"
"5133","Pirmieji Pagiriai","25.21041","54.58635"
"5134","Pirmieji Pagiriai","25.21116","54.58711"
"5135","Beržų st.","25.2482","54.80771"
"5136","Kelmijos sodai","25.24382","54.60828"
"5137","Kelmijos sodai","25.24404","54.60789"
"5138","Durpių st.","25.20456","54.59657"
"5139","Durpių st.","25.20494","54.59582"
"5140","Raudondvaris","25.27773","54.82597"
"5141","Riešė","25.27466","54.80722"
"5142","Rugių st.","25.26928","54.73801"
"5143","Rugių st.","25.27044","54.73819"
"5144","Karveliškių kapinės","25.10116","54.70931"
"5144a","Karveliškių kapinės","25.10079","54.70928"
"5145","Raistelių miškas","25.23016","54.61127"
"5146","Raistelių miškas","25.23105","54.61112"
"5147","Žalgirio žiedas(atstovos vieta","25.28474","54.70403"
"5151","Žvėryno žiedas","25.2462","54.69846"
"5152","Akropolis","25.25835","54.7105"
"5153","Bazilijonų st.","25.28657","54.67408"
"5155","Radvilų rūmai","25.27895","54.68384"
"5157","Eglių st.","25.25566","54.67661"
"5158","Lazdynų ligoninė","25.20662","54.66907"
"5159","Kaimelio st.","25.24621","54.73066"
"5160","Grigaičiai","25.41305","54.68095"
"5161","Jaunimo st.","25.41217","54.66994"
"5162","Jaunimo st.","25.41227","54.66979"
"5163","Grigaičių žiedas","25.41555","54.6643"
"5164","Piliakalnio st.","25.21175","54.69991"
"5165","Piliakalnio st.","25.21248","54.69943"
"5166","Sietyno st.","25.22343","54.70037"
"5167","Sietyno st.","25.22116","54.69967"
"5169","Totorių st.","25.18934","54.57003"
"5170","Totorių st.","25.19028","54.57065"
"5171","Vėjo st.","25.17849","54.56786"
"5172","Vėjo st.","25.17931","54.56821"
"5173","Molynė","25.16843","54.56153"
"5174","Molynė","25.16925","54.56158"
"5175","Keturiasdešimt Totorių k.","25.16618","54.56012"
"5176","Sietyno st.","25.22124","54.69858"
"5177","Autobusų parkas","25.29589","54.72092"
"5178","Kuprioniškės","25.33163","54.64104"
"5179","Girinaičių st.","25.38975","54.77744"
"5180","Girinaičių st.","25.38993","54.77745"
"5181","Trimitų st.","25.28703","54.70357"
"5182","Žvejų st.","25.2887","54.69004"
"5183","Žvejų st.","25.2891","54.6917"
"5184","Rinktinės st.","25.28838","54.69508"
"5185","Herkaus Manto st.","25.2866","54.7011"
"5186","Herkaus Manto st.","25.28623","54.70068"
"5187","Žygio st.","25.28946","54.7046"
"5188","Rinktinės st.","25.28809","54.69506"
"5189","Erfurto st.","25.20062","54.67357"
"5190","Sietyno st.","25.22087","54.69893"
"5191","Prašiškės","25.27152","54.76817"
"5192","Beržų st.","25.24737","54.80781"
"5193","Erfurto st.","25.2008","54.67448"
"5194","Karklėnai","25.41434","54.67563"
"5195","Karklėnai","25.41456","54.67586"
"5196","Giraitės st.","25.23783","54.66898"
"5197","Giraitės st.","25.23817","54.66873"
"5198","Prašiškės","25.27183","54.7686"
"5199","Panerių miškas","25.2278","54.61641"
"5200","Panerių miškas","25.22945","54.61701"
"5201","Kooperatyvo st.","25.26002","54.80107"
"5202","Kooperatyvo st.","25.25981","54.8018"
"5206","Vanaginės žiedas","25.27287","54.78134"
"5207","Mažoji Riešė","25.20298","54.80256"
"5208","Mažoji Riešė","25.20327","54.80298"
"5209","Bendoriai","25.198","54.79505"
"5210","Bendoriai","25.19782","54.79589"
"5211","Bendorėliai","25.1956","54.79022"
"5212","Bendorėliai","25.19491","54.7893"
"5213","Klevinė","25.19315","54.78092"
"5214","Klevinė","25.19251","54.78039"
"5215","Durpynas","25.19732","54.7699"
"5216","Durpynas","25.1956","54.7701"
"5217","Ežero st.","25.22572","54.80919"
"5218","Ežero st.","25.22401","54.8088"
"5300","Lazdynų ligoninė","25.20723","54.66903"
